Code,SECTIONNO,TITLE,FACULTY,CREDITS,INSTRUCTORFULLNAME,SCHEDULEFORPRINT
ACCT201,A,Finansal Muhasebe,İşletme Fakültesi,6,ALİNA TARAN,"Çarşamba | 12:40 - 15:30
"
ACCT201,B,Finansal Muhasebe,İşletme Fakültesi,6,ALİNA TARAN,"Perşembe | 13:40 - 16:30
"
ACCT301,A,Yönetim Muhasebesi,İşletme Fakültesi,6,ALİNA TARAN,"Perşembe | 08:40 - 11:30
"
BUS100,A,İşletmenin Temelleri,İşletme Fakültesi,4,MEHMET ERDEM GENÇ,"Salı | 14:40 - 16:30
Perşembe | 15:40 - 16:30
"
BUS101,A,İşletmeye Giriş I (Karar Verme),İşletme Fakültesi,4,PELİN ATAHAN DEMİRCİLER,"Salı | 16:40 - 18:30
"
BUS101L,A,İşletmeye Giriş I (Karar Verme) - Lab.,İşletme Fakültesi,0,PELİN ATAHAN DEMİRCİLER,"Cuma | 14:40 - 16:30
"
BUS101L,B,İşletmeye Giriş I (Karar Verme) - Lab.,İşletme Fakültesi,0,PELİN ATAHAN DEMİRCİLER,"Çarşamba | 12:40 - 14:30
"
BUS101L,C,İşletmeye Giriş I (Karar Verme) - Lab.,İşletme Fakültesi,0,PELİN ATAHAN DEMİRCİLER,"Perşembe | 14:40 - 16:30
"
BUS101L,D,İşletmeye Giriş I (Karar Verme) - Lab.,İşletme Fakültesi,0,PELİN ATAHAN DEMİRCİLER,"Cuma | 16:40 - 18:30
"
BUS101L,E,İşletmeye Giriş I (Karar Verme) - Lab.,İşletme Fakültesi,0,PELİN ATAHAN DEMİRCİLER,"Perşembe | 10:40 - 12:30
"
BUS101L,F,İşletmeye Giriş I (Karar Verme) - Lab.,İşletme Fakültesi,0,PELİN ATAHAN DEMİRCİLER,"Çarşamba | 08:40 - 10:30
"
BUS101L,G,İşletmeye Giriş I (Karar Verme) - Lab.,İşletme Fakültesi,0,PELİN ATAHAN DEMİRCİLER,"Çarşamba | 16:40 - 18:30
"
BUS102,A,İşletmeye Giriş II (Girişimcilik),İşletme Fakültesi,4,AHMET MURAT FİŞ,"Salı | 14:40 - 16:30
"
BUS102,B,İşletmeye Giriş II (Girişimcilik),İşletme Fakültesi,4,AHMET MURAT FİŞ,"Salı | 16:40 - 18:30
"
BUS102L,A,İşletmeye Giriş II (Girişimcilik) - Lab.,İşletme Fakültesi,0,AHMET MURAT FİŞ,"Perşembe | 16:40 - 17:30
"
BUS102L,B,İşletmeye Giriş II (Girişimcilik) - Lab.,İşletme Fakültesi,0,AHMET MURAT FİŞ,"Perşembe | 17:40 - 18:30
"
BUS190,A,İşletme Bilişimine Giriş,İşletme Fakültesi,2,BERİL GÜL,"Salı | 11:40 - 12:30
"
BUS190,B,İşletme Bilişimine Giriş,İşletme Fakültesi,2,BERİL GÜL,"Salı | 12:40 - 13:30
"
BUS190,C,İşletme Bilişimine Giriş,İşletme Fakültesi,2,BERİL GÜL,"Salı | 13:40 - 14:30
"
BUS190,D,İşletme Bilişimine Giriş,İşletme Fakültesi,2,BERİL GÜL,"Salı | 11:40 - 12:30
"
BUS190,E,İşletme Bilişimine Giriş,İşletme Fakültesi,2,BERİL GÜL,"Salı | 13:40 - 14:30
"
BUS199,A,Problem Çözümü İçin Algoritma Tasarımı,İşletme Fakültesi,4,YAVUZ SELİM HİNDİSTAN,"Pazartesi | 13:40 - 15:30
"
BUS201,A,İş Kararı Modelleme,İşletme Fakültesi,6,BO WEI,"Pazartesi | 10:40 - 13:30
"
BUS301,A,İş Analitiği,İşletme Fakültesi,6,AYŞE ÇETİNEL,"Salı | 11:40 - 13:30
Perşembe | 14:40 - 16:30
"
BUS302,A,İşletme Hukuku,İşletme Fakültesi,4,EKİN DENİZ İLHAN,"Cuma | 15:40 - 18:30
"
ECON101,A,Mikroekonomi,İşletme Fakültesi,6,YUSUF KULU,"Perşembe | 12:40 - 15:30
"
ECON101,B,Mikroekonomi,İşletme Fakültesi,6,YUSUF KULU,"Perşembe | 08:40 - 11:30
"
ECON101,C,Mikroekonomi,İşletme Fakültesi,6,SEÇKİN ÖZBİLEN,"Perşembe | 12:40 - 15:30
"
ECON101,D,Mikroekonomi,İşletme Fakültesi,6,SEÇKİN ÖZBİLEN,"Perşembe | 08:40 - 11:30
"
ECON101,E,Mikroekonomi,İşletme Fakültesi,6,BEGÜM GÜNEY,"Perşembe | 08:40 - 11:30
"
ECON102,A,Makroekonomi,İşletme Fakültesi,6,ERCAN ASLAN,"Çarşamba | 08:40 - 11:30
"
ECON102,B,Makroekonomi,İşletme Fakültesi,6,ONURSAL BAĞIRGAN,"Perşembe | 12:40 - 15:30
"
ECON102,C,Makroekonomi,İşletme Fakültesi,6,GÖNÜL ŞENGÜL,"Çarşamba | 08:40 - 11:30
"
ECON102,D,Makroekonomi,İşletme Fakültesi,6,GÖNÜL ŞENGÜL,"Perşembe | 12:40 - 15:30
"
ECON102,E,Makroekonomi,İşletme Fakültesi,6,GÖNÜL ŞENGÜL,"Salı | 11:40 - 14:30
"
ECON102,F,Makroekonomi,İşletme Fakültesi,6,ERCAN ASLAN,"Perşembe | 12:40 - 15:30
"
ECON201,A,İleri Mikroekonomi,İşletme Fakültesi,6,BEGÜM GÜNEY,"Pazartesi | 11:40 - 14:30
"
ECON202,A,İleri Makroekonomi,İşletme Fakültesi,6,ONURSAL BAĞIRGAN,"Salı | 15:40 - 18:30
Cuma | 08:40 - 09:30
"
ECON210,A,İktisada Giriş,İşletme Fakültesi,6,ERCAN ASLAN,"Pazartesi | 12:40 - 15:30
"
ECON210,B,İktisada Giriş,İşletme Fakültesi,6,ERCAN ASLAN,"Cuma | 08:40 - 11:30
"
ECON301,A,Ekonometri I,İşletme Fakültesi,6,UMUT AKOVALI,"Pazartesi | 15:40 - 18:30
Cuma | 14:40 - 15:30
"
ECON302,A,Ekonometri II,İşletme Fakültesi,6,YUSUF KULU,"Pazartesi | 08:40 - 11:30
Cuma | 11:40 - 12:30
"
ECON303,A,Uluslararası Ticaret ve Ekonomi,İşletme Fakültesi,6,GÖNÜL ŞENGÜL,"Cuma | 08:40 - 11:30
"
ECON304,A,Endüstriyel Organizasyon,İşletme Fakültesi,6,BAŞAK ALTAN ÖZENER,"Salı | 13:40 - 16:30
"
ECON420,A,Büyüme ve Gelişme,İşletme Fakültesi,6,ONURSAL BAĞIRGAN,"Pazartesi | 12:40 - 15:30
"
ENTR201,A,Girişimcilik,İşletme Fakültesi,6,MERİÇ BIÇAKCIOĞLU,"Çarşamba | 08:40 - 11:30
"
ENTR302,A,İş Modeli Geliştirme,İşletme Fakültesi,6,IRMAK MUTLU,"Pazartesi | 16:40 - 19:30
"
ENTR304,A,İnsan Odaklı Tasarım,İşletme Fakültesi,6,AHMET MURAT FİŞ,"Çarşamba | 12:40 - 15:30
"
ENTR404,A,Bitirme Projesi,İşletme Fakültesi,6,AHMET MURAT FİŞ,"Perşembe | 10:40 - 13:30
"
FIN202,A,Finans,İşletme Fakültesi,6,MEHMET ERKAN SAVRAN,"Çarşamba | 12:40 - 15:30
"
FIN202,B,Finans,İşletme Fakültesi,6,MEHMET ERKAN SAVRAN,"Pazartesi | 08:40 - 11:30
"
FIN202,C,Finans,İşletme Fakültesi,6,CANSU İSKENDEROĞLU ŞAHİN,"Çarşamba | 12:40 - 15:30
"
FIN204,A,Finansal Tablolar Analizi,İşletme Fakültesi,4,CANSU İSKENDEROĞLU ŞAHİN,"Perşembe | 11:40 - 14:30
"
FIN301,A,Yatırımlar,İşletme Fakültesi,6,ERRIKOS MELISSINOS,"Çarşamba | 12:40 - 15:30
"
FIN302,A,Kurumsal Finans,İşletme Fakültesi,6,ÖZLEM AKIN,"Perşembe | 10:40 - 13:30
"
FIN312,A,Bankacılık ve Finansal Aracılık,İşletme Fakültesi,6,ÖZLEM AKIN,"Pazartesi | 12:40 - 15:30
"
FIN314,A,Gayrimenkul Finansmanı,İşletme Fakültesi,6,IŞIL EROL,"Salı | 10:40 - 13:30
"
FIN412,A,İleri Düzey Yatırımlar,İşletme Fakültesi,6,UMUT GÖKÇEN,"Salı | 13:40 - 16:30
"
IBUS104,A,Küresel Yöneticiliğe ilk Adım,İşletme Fakültesi,6,NESİM AVİĞDOR,"Çarşamba | 12:40 - 15:30
"
IBUS104,B,Küresel Yöneticiliğe ilk Adım,İşletme Fakültesi,6,NESİM AVİĞDOR,"Salı | 11:40 - 14:30
"
IBUS203,A,Dünyayı Anlamak: Kısa Bir Giriş,İşletme Fakültesi,6,ASLIHAN PERİHAN TURAN,"Perşembe | 09:40 - 12:30
"
IBUS204,A,Uluslararası İşletme,İşletme Fakültesi,6,İLAYDA NEMLİOĞLU ÖNCÜ,"Salı | 11:40 - 14:30
"
IBUS204,B,Uluslararası İşletme,İşletme Fakültesi,6,ZEYNEP KABADAYI KUŞCU,"Salı | 13:40 - 16:30
"
IBUS301,A,İhracat ve İthalat Yönetimi,İşletme Fakültesi,6,NESİM AVİĞDOR,"Pazartesi | 11:40 - 14:30
"
IBUS305,A,Uluslararası Lojistik ,İşletme Fakültesi,6,ARİF ORÇUN SÖYLEMEZ,"Pazartesi | 08:40 - 11:30
"
IBUS306,A,Çok Uluslu Şirketlerin Yönetimi,İşletme Fakültesi,6,ARİF ORÇUN SÖYLEMEZ,"Pazartesi | 14:40 - 17:30
"
IBUS307,A,Uluslararası İşletme ve Ticaret Hukuku,İşletme Fakültesi,4,GÜLFER MERİÇ,"Perşembe | 11:40 - 14:30
"
IBUS402,A,Küresel Stratejik Yönetim,İşletme Fakültesi,6,MEHMET ERDEM GENÇ,"Çarşamba | 11:40 - 14:30
"
IBUS404,A,Küresel İşletme Entegrasyonu,İşletme Fakültesi,6,MEHMET ERDEM GENÇ,"Salı | 10:40 - 13:30
"
IBUS406,A,Küresel Rekabetçi Stratejisi ve Dinamikleri,İşletme Fakültesi,6,NİLÜFER YAPICI,"Perşembe | 10:40 - 13:30
"
IBUS411,A,Doğrudan Dış Yatırım için Ülke Analizi,İşletme Fakültesi,6,İLAYDA NEMLİOĞLU ÖNCÜ,"Cuma | 08:40 - 11:30
"
MGMT202,A,Örgütler,İşletme Fakültesi,6,NERİMAN GÖKÇAY,"Cuma | 09:40 - 12:30
"
MGMT202,B,Örgütler,İşletme Fakültesi,6,AYBİKE MERGEN,"Çarşamba | 09:40 - 12:30
"
MGMT202,C,Örgütler,İşletme Fakültesi,6,AYBİKE MERGEN,"Cuma | 09:40 - 12:30
"
MGMT202,D,Örgütler,İşletme Fakültesi,6,CEYDA MADEN EYİUSTA,"Çarşamba | 09:40 - 12:30
"
MGMT202,E,Örgütler,İşletme Fakültesi,6,NERİMAN GÖKÇAY,"Çarşamba | 09:40 - 12:30
"
MGMT306,A,İnsan Kaynakları Yönetimi,İşletme Fakültesi,6,MAHMUT BAYAZIT,"Pazartesi | 09:40 - 12:30
"
MGMT311,A,Proje Yönetimi,İşletme Fakültesi,6,ERIK DEN HARTIGH,"Salı | 08:40 - 11:30
"
MGMT312,A,Örgüt Kuramı ve Tasarımı,İşletme Fakültesi,6,BEHLÜL ÜSDİKEN,"Perşembe | 13:40 - 16:30
"
MGMT317,A,İş Etiği,İşletme Fakültesi,6,SİBEL OKTAR THOMAS,"Pazartesi | 12:40 - 15:30
"
MGMT401,A,Teknoloji ve İnovasyon Yönetimi,İşletme Fakültesi,6,ERIK DEN HARTIGH,"Çarşamba | 15:40 - 18:30
"
MGMT402,A,Strateji,İşletme Fakültesi,6,ALPTEGİN ALBAYRAKTAROĞLU,"Çarşamba | 08:40 - 11:30
"
MGMT402,B,Strateji,İşletme Fakültesi,6,ALPTEGİN ALBAYRAKTAROĞLU,"Pazartesi | 08:40 - 11:30
"
MGMT404,A,Uluslararası Yönetim,İşletme Fakültesi,6,NİLÜFER YAPICI,"Salı | 13:40 - 16:30
"
MIS104,A,Nesneye Dayalı Programlama Temelleri,İşletme Fakültesi,6,YAVUZ SELİM HİNDİSTAN,"Perşembe | 11:40 - 14:30
"
MIS203,A,Veritabanı Yönetimi,İşletme Fakültesi,6,YAVUZ SELİM HİNDİSTAN,"Cuma | 09:40 - 12:30
"
MIS206,A,İş Süreçleri Analizi,İşletme Fakültesi,6,MELTEM ÖZTURAN,"Salı | 08:40 - 11:30
"
MIS304,A,Bilişim Güvenliği,İşletme Fakültesi,6,ALİ OSMAN ÖZDİLEK,"Perşembe | 16:40 - 19:30
"
MIS306,A,E-İş'in Temelleri,İşletme Fakültesi,6,MELİKE NUR FINDIKOĞLU,"Salı | 13:40 - 16:30
"
MIS311,A,Yönetim Bilişim Sistemlerine Giriş,İşletme Fakültesi,6,MESUT SAYIN,"Çarşamba | 15:40 - 18:30
"
MIS311,B,Yönetim Bilişim Sistemlerine Giriş,İşletme Fakültesi,6,MESUT SAYIN,"Çarşamba | 08:40 - 11:30
"
MIS311,C,Yönetim Bilişim Sistemlerine Giriş,İşletme Fakültesi,6,MESUT SAYIN,"Pazartesi | 15:40 - 18:30
"
MIS317,A,İşletmeler için Bulut Bilişim,İşletme Fakültesi,6,YAVUZ SELİM HİNDİSTAN,"Çarşamba | 12:40 - 15:30
"
MIS321,A,Veri Madenciliği,İşletme Fakültesi,6,ORÇUN TEMİZKAN,"Salı | 10:40 - 13:30
"
MIS324,A,IS Proje Yonetimi,İşletme Fakültesi,6,MELİKE NUR FINDIKOĞLU,"Perşembe | 10:40 - 13:30
"
MKTG201,A,Pazarlama,İşletme Fakültesi,6,ZEYNEP MÜGE GÜZEL,"Çarşamba | 09:40 - 12:30
"
MKTG201,B,Pazarlama,İşletme Fakültesi,6,BİGE SAATÇİOĞLU,"Perşembe | 10:40 - 13:30
"
MKTG201,C,Pazarlama,İşletme Fakültesi,6,BİGE SAATÇİOĞLU,"Pazartesi | 08:40 - 11:30
"
MKTG311,A,Pazarlama Araştırması,İşletme Fakültesi,6,ZEYNEP MÜGE GÜZEL,"Cuma | 09:40 - 12:30
"
MKTG312,A,Reklamcılık ve Bütünsel Pazarlama İletişimi,İşletme Fakültesi,6,CEREN HAYRAN ŞANLI,"Salı | 08:40 - 11:30
"
MKTG313,A,Pazarlama Stratejileri,İşletme Fakültesi,6,MÜNİR TOLGA AKÇURA,"Cuma | 09:40 - 12:30
"
MKTG314,A,Tüketici Davranışları,İşletme Fakültesi,6,BİGE SAATÇİOĞLU,"Pazartesi | 12:40 - 15:30
"
MKTG315,A,Uluslararası Pazarlama,İşletme Fakültesi,6,XIAOHAN WEN,"Perşembe | 13:40 - 16:30
"
MKTG417,A,İşletmeler Arası Pazarlama,İşletme Fakültesi,6,VOLKAN YENİARAS,"Pazartesi | 11:40 - 14:30
"
OPER202,A,Operasyon Yönetimi,İşletme Fakültesi,6,BAHRİYE CESARET,"Salı | 08:40 - 11:30
Cuma | 18:40 - 19:30
"
OPER202,B,Operasyon Yönetimi,İşletme Fakültesi,6,BAHRİYE CESARET,"Pazartesi | 15:40 - 18:30
Cuma | 18:40 - 19:30
"
OPER202,C,Operasyon Yönetimi,İşletme Fakültesi,6,EYLEM KOCA,"Çarşamba | 15:40 - 18:30
Cuma | 08:40 - 09:30
"
OPER312,A,Tedarik Zinciri Yönetimi,İşletme Fakültesi,6,EYLEM KOCA,"Çarşamba | 08:40 - 11:30
"
OPER314,A,Hizmet Operasyonları Yönetimi,İşletme Fakültesi,6,BO WEI,"Perşembe | 13:40 - 16:30
"
AI390,A,İstem Mühendisliği,Mühendislik Fakültesi,4,HÜSEYİN ULUSOY,"Çarşamba | 12:40 - 15:30
"
CE101,A,Teknik Resim,Mühendislik Fakültesi,4,PINAR SEYREK,"Cuma | 14:40 - 17:30
"
CE101,B,Teknik Resim,Mühendislik Fakültesi,4,PINAR SEYREK,"Cuma | 09:40 - 12:30
"
CE102,A,İnşaat Mühendisliğine Giriş,Mühendislik Fakültesi,2,ZEYNEP BAŞARAN BUNDUR,"Salı | 16:40 - 18:30
"
CE112,A,Statik,Mühendislik Fakültesi,6,HADI VALIZADEH,"Perşembe | 12:40 - 14:30
Cuma | 16:40 - 18:30
"
CE203,A,Mukavemet,Mühendislik Fakültesi,6,TANER YILMAZ,"Pazartesi | 12:40 - 14:30
Salı | 16:40 - 18:30
"
CE205,A,Yapı Malzemeleri,Mühendislik Fakültesi,6,ZEYNEP BAŞARAN BUNDUR,"Salı | 08:40 - 10:30
Çarşamba | 08:40 - 10:30
"
CE205L,A,Yapı Malzemesi - Lab.,Mühendislik Fakültesi,0,ZEYNEP BAŞARAN BUNDUR,"Perşembe | 16:40 - 18:30
"
CE205L,B,Yapı Malzemesi - Lab.,Mühendislik Fakültesi,0,ZEYNEP BAŞARAN BUNDUR,"Perşembe | 14:40 - 16:30
"
CE205L,C,Yapı Malzemesi - Lab.,Mühendislik Fakültesi,0,ZEYNEP BAŞARAN BUNDUR,"Cuma | 16:40 - 18:30
"
CE205L,D,Yapı Malzemesi - Lab.,Mühendislik Fakültesi,0,ZEYNEP BAŞARAN BUNDUR,"Perşembe | 08:40 - 10:30
"
CE205L,E,Yapı Malzemesi - Lab.,Mühendislik Fakültesi,0,ZEYNEP BAŞARAN BUNDUR,"Cuma | 14:40 - 16:30
"
CE205L,F,Yapı Malzemesi - Lab.,Mühendislik Fakültesi,0,ZEYNEP BAŞARAN BUNDUR,"Perşembe | 12:40 - 14:30
"
CE208,A,Yapı İşletmesi,Mühendislik Fakültesi,6,SENEM SEYİS KAZAZOĞLU,"Pazartesi | 08:40 - 10:30
Çarşamba | 08:40 - 10:30
"
CE211,A,Dinamik,Mühendislik Fakültesi,4,DERYA DENİZ,"Cuma | 08:40 - 11:30
"
CE217,A,İnşaat Mühendisliğinde Olasılık ve İstatistik,Mühendislik Fakültesi,6,BEKİR OĞUZ BARTIN,"Pazartesi | 16:40 - 18:30
Salı | 10:40 - 12:30
"
CE304,A,Betonarme,Mühendislik Fakültesi,6,BÜLENT ERKMEN,"Çarşamba | 10:40 - 12:30
Perşembe | 11:40 - 13:30
"
CE306,A,Temel İnşaatı,Mühendislik Fakültesi,6,SAFİYE FEYZA ÇİNİCİOĞLU,"Salı | 14:40 - 16:30
Cuma | 14:40 - 16:30
"
CE311,A,Hidrolik,Mühendislik Fakültesi,4,YİĞİT CAN ALTAN,"Salı | 10:40 - 13:30
"
CE399,A,İnşaat Sözleşme Dinamikleri: Karmaşıklıkların Yönetimi ve Stratejik Perspektifler,Mühendislik Fakültesi,4,MUSTAFA ATİLLA ANSAL,"Perşembe | 13:40 - 16:30
"
CE409,A,Ön Gerilmeli Beton,Mühendislik Fakültesi,6,BÜLENT ERKMEN,"Salı | 13:40 - 16:30
"
CE417,A,Çelik Yapılar 2,Mühendislik Fakültesi,6,GÜLAY ALTAY,"Pazartesi | 11:40 - 14:30
"
CE427,A,Yapıların Deprem Tasarımı,Mühendislik Fakültesi,6,TANER YILMAZ,"Çarşamba | 15:40 - 18:30
"
CE468,A,Denizcilik Mühendisliğinde Makine Öğrenmesi Uygulamalarına Giriş,Mühendislik Fakültesi,6,YİĞİT CAN ALTAN,"Perşembe | 08:40 - 11:30
"
CE471,A,İnşaat Sözleşmesi Dinamikleri: Navigasyon Karmaşıklıkları ve Stratejik Perspektifler,Mühendislik Fakültesi,6,AYŞE FERİDE ARMANGİL GÖKALP,"Salı | 13:40 - 16:30
"
CE489,A,Yeşil Bina Proje,Mühendislik Fakültesi,6,SENEM SEYİS KAZAZOĞLU,"Pazartesi | 12:40 - 15:30
"
CHEM111,A,Kimya,Mühendislik Fakültesi,6,İLKNUR ERUÇAR FINDIKÇI,"Pazartesi | 12:40 - 14:30
Çarşamba | 12:40 - 14:30
"
CHEM111L,A1,Mühendisler için Kimya - Lab.,Mühendislik Fakültesi,0,İLKNUR ERUÇAR FINDIKÇI,"Cuma | 08:40 - 10:30
"
CHEM111L,A2,Mühendisler için Kimya - Lab.,Mühendislik Fakültesi,0,İLKNUR ERUÇAR FINDIKÇI,"Cuma | 08:40 - 10:30
"
CHEM111L,B1,Mühendisler için Kimya - Lab.,Mühendislik Fakültesi,0,İLKNUR ERUÇAR FINDIKÇI,"Perşembe | 14:40 - 16:30
"
CHEM111L,B2,Mühendisler için Kimya - Lab.,Mühendislik Fakültesi,0,İLKNUR ERUÇAR FINDIKÇI,"Perşembe | 14:40 - 16:30
"
CS101,A,Bilgisayar Programlama,Mühendislik Fakültesi,6,YAŞAR SAFKAN,"Pazartesi | 16:40 - 18:30
"
CS101L,A,Bilgisayar Proglamlama - Lab.,Mühendislik Fakültesi,0,YAŞAR SAFKAN,"Salı | 12:40 - 14:30
"
CS102,A,Nesneye Dayalı Programlama,Mühendislik Fakültesi,6,KÜBRA KALKAN ÇAKMAKCİ,"Pazartesi | 08:40 - 10:30
Salı | 08:40 - 10:30
"
CS104,A,Programlamaya Giriş,Mühendislik Fakültesi,6,ZEYNEP İLKNUR KARADENİZ EROL,"Pazartesi | 08:40 - 10:30
"
CS104L,A,Programlamaya Giriş - Lab.,Mühendislik Fakültesi,0,ZEYNEP İLKNUR KARADENİZ EROL,"Salı | 12:40 - 14:30
"
CS104L,B,Programlamaya Giriş - Lab.,Mühendislik Fakültesi,0,ZEYNEP İLKNUR KARADENİZ EROL,"Salı | 12:40 - 14:30
"
CS104L,C,Programlamaya Giriş - Lab.,Mühendislik Fakültesi,0,HASAN SÖZER,"Salı | 12:40 - 14:30
"
CS105,A,Nesne-Yönelimli Programlamaya Giriş,Mühendislik Fakültesi,6,NİTEL MUHTAROĞLU,"Salı | 08:40 - 10:30
Cuma | 10:40 - 12:30
"
CS112,A,Bilgisayar Bilimi için Ayrık Matematik,Mühendislik Fakültesi,6,HASAN FEHMİ ATEŞ,"Salı | 14:40 - 16:30
Perşembe | 13:40 - 14:30
"
CS201,A,Veri Yapıları ve Algoritmalar,Mühendislik Fakültesi,6,OLCAY TANER YILDIZ,"Pazartesi | 16:40 - 18:30
"
CS201,B,Veri Yapıları ve Algoritmalar,Mühendislik Fakültesi,6,ZEYNEP İLKNUR KARADENİZ EROL,"Pazartesi | 16:40 - 18:30
"
CS201L,A,Veri Yapıları ve Algoritmalar - Lab.,Mühendislik Fakültesi,0,OLCAY TANER YILDIZ,"Perşembe | 14:40 - 16:30
"
CS201L,B,Veri Yapıları ve Algoritmalar - Lab.,Mühendislik Fakültesi,0,ZEYNEP İLKNUR KARADENİZ EROL,"Perşembe | 14:40 - 16:30
"
CS201L,C,Veri Yapıları ve Algoritmalar - Lab.,Mühendislik Fakültesi,0,OLCAY TANER YILDIZ,"Perşembe | 14:40 - 16:30
"
CS202,A,Veritabanı Yönetim Sistemleri,Mühendislik Fakültesi,6,REYHAN AYDOĞAN,"Salı | 14:40 - 16:30
Perşembe | 09:40 - 11:30
"
CS240,A,Bilgisayar Mimarisi,Mühendislik Fakültesi,6,İSMAİL AKTÜRK,"Salı | 08:40 - 11:30
"
CS240L,A,Bilgisayar Mimarisi- Lab.,Mühendislik Fakültesi,0,İSMAİL AKTÜRK,"Çarşamba | 12:40 - 15:30
"
CS240L,B,Bilgisayar Mimarisi- Lab.,Mühendislik Fakültesi,0,İSMAİL AKTÜRK,"Perşembe | 11:40 - 14:30
"
CS320,A,Yazılım Mühendisliği,Mühendislik Fakültesi,6,HASAN SÖZER,"Pazartesi | 12:40 - 15:30
"
CS333,A,Algoritma Analizi,Mühendislik Fakültesi,6,EMRE SEFER,"Salı | 12:40 - 14:30
Çarşamba | 08:40 - 10:30
"
CS350,A,İşletim Sistemleri,Mühendislik Fakültesi,6,İSMAİL ARI,"Çarşamba | 15:40 - 18:30
"
CS391,A,Web Uygulama Geliştirme (Sertifika Seçmeli),Mühendislik Fakültesi,4,ESMA MERAL,"Perşembe | 11:40 - 14:30
"
CS399,A,Haberleşme Güvenliği (Sertifika Seçmeli),Mühendislik Fakültesi,4,HACI HAKAN KILINÇ,"Cuma | 14:40 - 17:30
"
CS409,A,İleri C++ Programlama,Mühendislik Fakültesi,6,MUSTAFA FURKAN KIRAÇ,"Salı | 13:40 - 16:30
"
CS418,A,Ağ Üzerinden Eğlence,Mühendislik Fakültesi,6,ALİ CENGİZ BEĞEN,"Cuma | 08:40 - 11:30
"
CS419,A,Paralel Hesaplama,Mühendislik Fakültesi,6,NİTEL MUHTAROĞLU,"Salı | 10:40 - 11:30
Cuma | 08:40 - 10:30
"
CS443,A,İşlemci Mikromimarisi,Mühendislik Fakültesi,6,İSMAİL AKTÜRK,"Pazartesi | 12:40 - 15:30
"
CS445,A,Pekiştirmeli Derin Öğrenme,Mühendislik Fakültesi,6,ERHAN ÖZTOP,"Pazartesi | 15:40 - 18:30
"
CS446,A,Network Teknolojilerinin Güvenliği,Mühendislik Fakültesi,6,KÜBRA KALKAN ÇAKMAKCİ,"Pazartesi | 12:40 - 15:30
"
CS447,A,Bilgisayar Ağları,Mühendislik Fakültesi,6,MEHMET REHA CİVANLAR,"Pazartesi | 19:40 - 21:30
Salı | 19:40 - 20:30
"
CS449,A,Doğal Dil İşlemeye Giriş,Mühendislik Fakültesi,6,OLCAY TANER YILDIZ,"Pazartesi | 09:40 - 12:30
"
CS451,A,Yapay Zekaya Giriş,Mühendislik Fakültesi,6,OLCAY TANER YILDIZ,"Salı | 10:40 - 13:30
"
CS452,A,Python ile Veri Bilimi,Mühendislik Fakültesi,6,EMRE SEFER,"Çarşamba | 13:40 - 16:30
"
CS454,A,Yapay Sinir Ağları ve Otomatik Öğrenmeye Giriş,Mühendislik Fakültesi,6,AHMET İBRAHİM ETHEM ALPAYDIN,"Perşembe | 08:40 - 11:30
"
CS466,A,Derin Öğrenmeye Giriş,Mühendislik Fakültesi,6,HASAN FEHMİ ATEŞ,"Perşembe | 14:40 - 17:30
"
CS476,A,Çevik Yazılım Geliştirme,Mühendislik Fakültesi,6,EMRE KAPLAN,"Cuma | 14:40 - 17:30
"
EE201,A,Sinyaller ve Sistemler,Mühendislik Fakültesi,6,ÇİĞDEM EROĞLU ERDEM,"Salı | 10:40 - 12:30
Çarşamba | 12:40 - 13:30
"
EE202,A,Devre Analizi,Mühendislik Fakültesi,6,TAYLAN AKDOĞAN,"Pazartesi | 12:40 - 14:30
Salı | 14:40 - 16:30
"
EE202L,A,Devre Analizi - Lab.,Mühendislik Fakültesi,0,TAYLAN AKDOĞAN,"Cuma | 14:40 - 17:30
"
EE202L,B,Devre Analizi - Lab.,Mühendislik Fakültesi,0,TAYLAN AKDOĞAN,"Perşembe | 13:40 - 16:30
"
EE203,A,Sayısal Sistemler,Mühendislik Fakültesi,6,İLKER HAMZAOĞLU,"Pazartesi | 08:40 - 11:30
"
EE203L,A,Sayısal Sistemler - Lab.,Mühendislik Fakültesi,0,İLKER HAMZAOĞLU,"Cuma | 08:40 - 11:30
"
EE203L,B,Sayısal Sistemler - Lab.,Mühendislik Fakültesi,0,İLKER HAMZAOĞLU,"Çarşamba | 13:40 - 16:30
"
EE204,A,Elektromanyetik,Mühendislik Fakültesi,6,AHMED HALİD AKGİRAY,"Çarşamba | 08:40 - 10:30
Cuma | 08:40 - 10:30
"
EE301,A,Elektronik I,Mühendislik Fakültesi,6,UMUT BAŞARAN,"Salı | 11:40 - 14:30
"
EE301L,A,Elektronik 1 - Lab.,Mühendislik Fakültesi,0,UMUT BAŞARAN,"Perşembe | 16:40 - 19:30
"
EE302,A,AI Tabanlı Sayısal Sinyal İşleme,Mühendislik Fakültesi,6,CENK DEMİROĞLU,"Çarşamba | 14:40 - 16:30
Perşembe | 08:40 - 10:30
"
EE321,A,Mikroişlemciler,Mühendislik Fakültesi,6,UMUT BAŞARAN,"Pazartesi | 08:40 - 11:30
"
EE321L,A,Mikroişlemciler - Lab.,Mühendislik Fakültesi,0,UMUT BAŞARAN,"Çarşamba | 16:40 - 19:30
"
EE321L,B,Mikroişlemciler - Lab.,Mühendislik Fakültesi,0,UMUT BAŞARAN,"Salı | 08:40 - 11:30
"
EE321L,C,Mikroişlemciler - Lab.,Mühendislik Fakültesi,0,UMUT BAŞARAN,"Perşembe | 08:40 - 11:30
"
EE341,A,Haberleşme Sistemlerinin Temelleri,Mühendislik Fakültesi,6,MOHAMMED ELAMASSIE,"Pazartesi | 15:40 - 18:30
"
EE341L,A,Haberleşme Sistemlerinin Temelleri - Lab.,Mühendislik Fakültesi,0,MOHAMMED ELAMASSIE,"Perşembe | 10:40 - 13:30
"
EE350,A,Elektronik II,Mühendislik Fakültesi,6,UMUT BAŞARAN,"Pazartesi | 12:40 - 15:30
"
EE350L,A,Elektronik II - Lab.,Mühendislik Fakültesi,0,UMUT BAŞARAN,"Çarşamba | 10:40 - 13:30
"
EE367,A,Optiğe Giriş,Mühendislik Fakültesi,6,KADİR DURAK,"Salı | 08:40 - 11:30
"
EE372,A,Elektrik Makinalarının Temelleri,Mühendislik Fakültesi,6,GÖKTÜRK POYRAZOĞLU,"Perşembe | 13:40 - 16:30
"
EE399,A,Kurumsal BT Altyapısı,Mühendislik Fakültesi,4,LEVENT SİNAN ÖZCAN,"Çarşamba | 09:40 - 12:30
"
EE401,A,Elektrik-Elektronik Mühendisliği Bitirme Projesi I,Mühendislik Fakültesi,4,HAMZA AHMED MOUSA MAKHAMREH HAMZA AHMED MOUSA MAKHAMREH,"Pazartesi | 16:40 - 17:30
"
EE402,A,Elektrik-Elektronik Mühendisliği Bitirme Projesi II,Mühendislik Fakültesi,4,HAMZA AHMED MOUSA MAKHAMREH HAMZA AHMED MOUSA MAKHAMREH,"Pazartesi | 11:40 - 13:30
"
EE422,A,Sayısal Konuşma  İşleme,Mühendislik Fakültesi,6,CENK DEMİROĞLU,"Çarşamba | 11:40 - 13:30
Perşembe | 15:40 - 16:30
"
EE432,A,Sinyal işleme için ileri MATLAB,Mühendislik Fakültesi,6,MOHAMMED ELAMASSIE,"Cuma | 08:40 - 11:30
"
EE450,A,Kablosuz Ağlar,Mühendislik Fakültesi,6,EVŞEN YANMAZ ADAM,"Pazartesi | 08:40 - 11:30
"
EE452,A,Nesnelerin Internetine Giriş,Mühendislik Fakültesi,6,EVŞEN YANMAZ ADAM,"Salı | 11:40 - 14:30
"
EE473,A,Enerji Sistemleri,Mühendislik Fakültesi,6,HAMZA AHMED MOUSA MAKHAMREH HAMZA AHMED MOUSA MAKHAMREH,"Salı | 13:40 - 16:30
"
EE491,A,Kontrol sistemleri,Mühendislik Fakültesi,6,HAMZA AHMED MOUSA MAKHAMREH HAMZA AHMED MOUSA MAKHAMREH,"Çarşamba | 13:40 - 16:30
"
FE101,A,Mühendis Olmak,Mühendislik Fakültesi,2,GÖKTÜRK POYRAZOĞLU,"Cuma | 11:40 - 12:30
"
IE101,A,Endüstri Mühendisliğine Giriş,Mühendislik Fakültesi,6,GÖKALP ERBEYOĞLU,"Pazartesi | 15:40 - 18:30
"
IE201,A,Yöneylem Araştırması I,Mühendislik Fakültesi,6,MEHMET ÖNAL,"Perşembe | 15:40 - 18:30
"
IE201R,A,Yöneylem Araştırması I - Rec.,Mühendislik Fakültesi,0,MEHMET ÖNAL,"Perşembe | 10:40 - 12:30
"
IE203,A,Mühendislik Ekonomisi,Mühendislik Fakültesi,6,BORA TOKGÖZ,"Pazartesi | 12:40 - 15:30
"
IE203R,A,Mühendislik Ekonomisi - Uygulama ,Mühendislik Fakültesi,0,BORA TOKGÖZ,"Çarşamba | 08:40 - 10:30
"
IE246,A,Yöneylem Araştırması için Programlama,Mühendislik Fakültesi,6,İSMAİL BAŞOĞLU,"Salı | 15:40 - 18:30
"
IE246R,A,Yöneylem Araştırması için Programlama - Uygulama,Mühendislik Fakültesi,0,İSMAİL BAŞOĞLU,"Perşembe | 12:40 - 14:30
"
IE246R,B,Yöneylem Araştırması için Programlama - Uygulama,Mühendislik Fakültesi,0,İSMAİL BAŞOĞLU,"Perşembe | 08:40 - 10:30
"
IE301,A,Yöneylem Araştırması II,Mühendislik Fakültesi,6,GÖKALP ERBEYOĞLU,"Salı | 11:40 - 14:30
"
IE301R,A,Yöneylem Araştırması 2 - Uygulama,Mühendislik Fakültesi,0,GÖKALP ERBEYOĞLU,"Çarşamba | 10:40 - 12:30
"
IE302,A,Üretim Sistemleri Analizi,Mühendislik Fakültesi,6,ÖMER ERHUN KUNDAKCIOĞLU,"Pazartesi | 15:40 - 18:30
"
IE302R,A,Üretim Sistemleri Analizi - Uygulama ,Mühendislik Fakültesi,0,ÖMER ERHUN KUNDAKCIOĞLU,"Çarşamba | 12:40 - 14:30
"
IE325,A,Benzetişim Modellemesi ve Analizi,Mühendislik Fakültesi,6,İSMAİL BAŞOĞLU,"Çarşamba | 14:40 - 17:30
"
IE325R,A,Benzetişim Modellemesi ve Analizi - Uygulama,Mühendislik Fakültesi,0,İSMAİL BAŞOĞLU,"Cuma | 14:40 - 16:30
"
IE325R,B,Benzetişim Modellemesi ve Analizi - Uygulama,Mühendislik Fakültesi,0,İSMAİL BAŞOĞLU,"Perşembe | 11:40 - 13:30
"
IE342,A,Matematiksel Modelleme ve Kesin Metodlar,Mühendislik Fakültesi,6,MILAD ELYASI,"Salı | 08:40 - 11:30
"
IE342R,A,Matematiksel Modelleme ve Kesin Metodlar Uygulama,Mühendislik Fakültesi,0,MILAD ELYASI,"Cuma | 16:40 - 18:30
"
IE343,A,Yöneylem Araştırması Algoritmaları,Mühendislik Fakültesi,6,İHSAN YANIKOĞLU,"Pazartesi | 09:40 - 12:30
"
IE352,A,Tedarik Zinciri Yönetimi,Mühendislik Fakültesi,6,AYFER BAŞAR,"Perşembe | 08:40 - 11:30
"
IE358,A,Python ile Veri Biliminin Temelleri ,Mühendislik Fakültesi,6,MILAD ELYASI,"Çarşamba | 08:40 - 11:30
"
IE363,A,Sayısal Finans,Mühendislik Fakültesi,6,BORA TOKGÖZ,"Salı | 11:40 - 14:30
"
IE372,A,Üretim Planlama ve Çizelgeleme,Mühendislik Fakültesi,6,ZEHRA MELİS TEKSAN,"Salı | 11:40 - 14:30
"
IE383,A,Karar Destek Sistemleri,Mühendislik Fakültesi,6,BORA TOKGÖZ,"Perşembe | 14:40 - 17:30
"
IE391,A,Proje Yönetimi (Sertifika Seçmeli),Mühendislik Fakültesi,4,GÜLCAN BERBER,"Çarşamba | 17:40 - 20:30
"
IE397,A,İş Süreçleri Yönetimi,Mühendislik Fakültesi,4,DERYA ACAR KALDIRIM,"Cuma | 08:40 - 11:30
"
IE399,A,İnovasyon ve Teknoloji Yönetimi,Mühendislik Fakültesi,4,ESRA GÖKBAYRAK,"Perşembe | 08:40 - 11:30
"
IE401,A,Endüstri Mühendisliği Bitirme Projesi I,Mühendislik Fakültesi,4,ELVİN ÇOBAN GÖKTÜRK,"Pazartesi | 09:40 - 12:30
"
IE401,B,Endüstri Mühendisliği Bitirme Projesi I,Mühendislik Fakültesi,4,MEHMET ÖNAL,"Pazartesi | 09:40 - 12:30
"
IE401,C,Endüstri Mühendisliği Bitirme Projesi I,Mühendislik Fakültesi,4,MILAD ELYASI,"Pazartesi | 09:40 - 12:30
"
IE401,D,Endüstri Mühendisliği Bitirme Projesi I,Mühendislik Fakültesi,4,EKREM DUMAN,"Pazartesi | 09:40 - 12:30
"
IE401,E,Endüstri Mühendisliği Bitirme Projesi I,Mühendislik Fakültesi,4,BURCU BALÇIK KOYUNCU,"Pazartesi | 09:40 - 12:30
"
IE402,B,Endüstri Mühendisliği Bitirme Projesi II,Mühendislik Fakültesi,4,DİLEK GÜNNEÇ DANIŞ,"Pazartesi | 12:40 - 15:30
"
IE402,C,Endüstri Mühendisliği Bitirme Projesi II,Mühendislik Fakültesi,4,İHSAN YANIKOĞLU,"Pazartesi | 12:40 - 15:30
"
IE402,D,Endüstri Mühendisliği Bitirme Projesi II,Mühendislik Fakültesi,4,ENİS KAYIŞ,"Pazartesi | 12:40 - 15:30
"
IE402,E,Endüstri Mühendisliği Bitirme Projesi II,Mühendislik Fakültesi,4,İSMAİL BAŞOĞLU,"Pazartesi | 12:40 - 15:30
"
IE402,F,Endüstri Mühendisliği Bitirme Projesi II,Mühendislik Fakültesi,4,ÖMER ERHUN KUNDAKCIOĞLU,"Pazartesi | 12:40 - 15:30
"
IE410,A,Ağ Problemleri ve Optimizasyonu,Mühendislik Fakültesi,6,DİLEK GÜNNEÇ DANIŞ,"Çarşamba | 11:40 - 14:30
"
IE416,A,Finansta Blok Zincir Teknolojileri,Mühendislik Fakültesi,6,BORA TOKGÖZ,"Çarşamba | 11:40 - 14:30
"
IE472,A,Çizelgeleme,Mühendislik Fakültesi,6,EKREM DUMAN,"Perşembe | 13:40 - 16:30
"
MATH101,A,Sosyal Bilimler için Matematik I,Mühendislik Fakültesi,6,JÜLİDE MİRAY ÖZKAN,"Pazartesi | 10:40 - 12:30
Çarşamba | 14:40 - 15:30
"
MATH101,B,Sosyal Bilimler için Matematik I,Mühendislik Fakültesi,6,JÜLİDE MİRAY ÖZKAN,"Pazartesi | 14:40 - 16:30
Çarşamba | 10:40 - 11:30
"
MATH101,C,Sosyal Bilimler için Matematik I,Mühendislik Fakültesi,6,SAADET ERBAY,"Pazartesi | 10:40 - 12:30
Çarşamba | 14:40 - 15:30
"
MATH101,D,Sosyal Bilimler için Matematik I,Mühendislik Fakültesi,6,SAADET ERBAY,"Pazartesi | 14:40 - 16:30
Çarşamba | 10:40 - 11:30
"
MATH101,E,Sosyal Bilimler için Matematik I,Mühendislik Fakültesi,6,BURÇİN GÜNEŞ,"Pazartesi | 10:40 - 12:30
Çarşamba | 14:40 - 15:30
"
MATH101,F,Sosyal Bilimler için Matematik I,Mühendislik Fakültesi,6,BURÇİN GÜNEŞ,"Pazartesi | 14:40 - 16:30
Çarşamba | 10:40 - 11:30
"
MATH101R,A,Sosyal Bilimler için Matematik I - Rec.,Mühendislik Fakültesi,0,JÜLİDE MİRAY ÖZKAN,"Çarşamba | 15:40 - 16:30
"
MATH101R,B,Sosyal Bilimler için Matematik I - Rec.,Mühendislik Fakültesi,0,JÜLİDE MİRAY ÖZKAN,"Çarşamba | 11:40 - 12:30
"
MATH101R,C,Sosyal Bilimler için Matematik I - Rec.,Mühendislik Fakültesi,0,SAADET ERBAY,"Çarşamba | 15:40 - 16:30
"
MATH101R,D,Sosyal Bilimler için Matematik I - Rec.,Mühendislik Fakültesi,0,SAADET ERBAY,"Çarşamba | 11:40 - 12:30
"
MATH101R,E,Sosyal Bilimler için Matematik I - Rec.,Mühendislik Fakültesi,0,BURÇİN GÜNEŞ,"Çarşamba | 15:40 - 16:30
"
MATH101R,F,Sosyal Bilimler için Matematik I - Rec.,Mühendislik Fakültesi,0,BURÇİN GÜNEŞ,"Çarşamba | 11:40 - 12:30
"
MATH102,A,Sosyal Bilimler için Matematik II,Mühendislik Fakültesi,6,AYÇA ÇEŞMELİOĞLU GÜL,"Pazartesi | 14:40 - 16:30
Çarşamba | 10:40 - 11:30
"
MATH102,B,Sosyal Bilimler için Matematik II,Mühendislik Fakültesi,6,AYÇA ÇEŞMELİOĞLU GÜL,"Pazartesi | 10:40 - 12:30
Çarşamba | 14:40 - 15:30
"
MATH102,C,Sosyal Bilimler için Matematik II,Mühendislik Fakültesi,6,CÜNEYT FERAHLAR,"Pazartesi | 14:40 - 16:30
Çarşamba | 10:40 - 11:30
"
MATH102,D,Sosyal Bilimler için Matematik II,Mühendislik Fakültesi,6,CÜNEYT FERAHLAR,"Pazartesi | 10:40 - 12:30
Çarşamba | 14:40 - 15:30
"
MATH102R,A,Sosyal Bilimler için Matematik II - Rec.,Mühendislik Fakültesi,0,AYÇA ÇEŞMELİOĞLU GÜL,"Çarşamba | 11:40 - 12:30
"
MATH102R,B,Sosyal Bilimler için Matematik II - Rec.,Mühendislik Fakültesi,0,AYÇA ÇEŞMELİOĞLU GÜL,"Çarşamba | 15:40 - 16:30
"
MATH102R,C,Sosyal Bilimler için Matematik II - Rec.,Mühendislik Fakültesi,0,CÜNEYT FERAHLAR,"Çarşamba | 11:40 - 12:30
"
MATH102R,D,Sosyal Bilimler için Matematik II - Rec.,Mühendislik Fakültesi,0,CÜNEYT FERAHLAR,"Çarşamba | 15:40 - 16:30
"
MATH103,A,Mühendislik için Yüksek Matematik I,Mühendislik Fakültesi,8,HANDAN BORLUK,"Pazartesi | 10:40 - 12:30
Çarşamba | 14:40 - 16:30
"
MATH103,B,Mühendislik için Yüksek Matematik I,Mühendislik Fakültesi,8,HANDAN BORLUK,"Pazartesi | 14:40 - 16:30
Çarşamba | 10:40 - 12:30
"
MATH103R,A,Mühendislik için Yüksek Matematik I - Uygulama,Mühendislik Fakültesi,0,JÜLİDE MİRAY ÖZKAN,"Perşembe | 12:40 - 14:30
"
MATH103R,B,Mühendislik için Yüksek Matematik I - Uygulama,Mühendislik Fakültesi,0,JÜLİDE MİRAY ÖZKAN,"Perşembe | 14:40 - 16:30
"
MATH104,A,Mühendislik için Yüksek Matematik II,Mühendislik Fakültesi,8,CAN DEHA KARIKSIZ,"Pazartesi | 14:40 - 16:30
Çarşamba | 10:40 - 12:30
"
MATH104,B,Mühendislik için Yüksek Matematik II,Mühendislik Fakültesi,8,CAN DEHA KARIKSIZ,"Pazartesi | 10:40 - 12:30
Çarşamba | 14:40 - 16:30
"
MATH104,C,Mühendislik için Yüksek Matematik II,Mühendislik Fakültesi,8,MEHMET ÖZ,"Pazartesi | 14:40 - 16:30
Çarşamba | 10:40 - 12:30
"
MATH104,D,Mühendislik için Yüksek Matematik II,Mühendislik Fakültesi,8,MEHMET ÖZ,"Pazartesi | 10:40 - 12:30
Çarşamba | 14:40 - 16:30
"
MATH104R,A,Mühendislik için Yüksek Matematik II - Rec.,Mühendislik Fakültesi,0,SONGÜL ESİN,"Perşembe | 14:40 - 16:30
"
MATH104R,B,Mühendislik için Yüksek Matematik II - Rec.,Mühendislik Fakültesi,0,SONGÜL ESİN,"Perşembe | 12:40 - 14:30
"
MATH104R,C,Mühendislik için Yüksek Matematik II - Rec.,Mühendislik Fakültesi,0,MEHMET ÖZ,"Perşembe | 14:40 - 16:30
"
MATH104R,D,Mühendislik için Yüksek Matematik II - Rec.,Mühendislik Fakültesi,0,MEHMET ÖZ,"Perşembe | 12:40 - 14:30
"
MATH107,A,Sosyal Bilimler için Matematik I,Mühendislik Fakültesi,6,SONGÜL ESİN,"Perşembe | 08:40 - 11:30
"
MATH107R,A,Sosyal Bilimler için Matematik I - Rec.,Mühendislik Fakültesi,0,BESTE MADRAN,"Çarşamba | 15:40 - 16:30
"
MATH112,A,Ayrık Matematik,Mühendislik Fakültesi,6,BURÇİN GÜNEŞ,"Salı | 08:40 - 10:30
Perşembe | 08:40 - 10:30
"
MATH201,A,Sosyal Bilimler için Olasılık,Mühendislik Fakültesi,6,MUZAFFER AKAT,"Salı | 11:40 - 14:30
"
MATH201,B,Sosyal Bilimler için Olasılık,Mühendislik Fakültesi,6,MUZAFFER AKAT,"Pazartesi | 15:40 - 18:30
"
MATH201,C,Sosyal Bilimler için Olasılık,Mühendislik Fakültesi,6,MUZAFFER AKAT,"Çarşamba | 15:40 - 18:30
"
MATH201R,A,Sosyal Bilimler için Olasılık - Rec.,Mühendislik Fakültesi,0,MUZAFFER AKAT,"Cuma | 14:40 - 15:30
"
MATH201R,B,Sosyal Bilimler için Olasılık - Rec.,Mühendislik Fakültesi,0,MUZAFFER AKAT,"Cuma | 14:40 - 15:30
"
MATH201R,C,Sosyal Bilimler için Olasılık - Rec.,Mühendislik Fakültesi,0,MUZAFFER AKAT,"Cuma | 14:40 - 15:30
"
MATH202,A,Sosyal Bilimler için İstatistik,Mühendislik Fakültesi,6,SEÇKİN ÖZBİLEN,"Salı | 08:40 - 11:30
"
MATH202,B,Sosyal Bilimler için İstatistik,Mühendislik Fakültesi,6,SEÇKİN ÖZBİLEN,"Pazartesi | 15:40 - 18:30
"
MATH202R,A,Sosyal Bilimler İçin İstatistik - Uygulama,Mühendislik Fakültesi,0,SEÇKİN ÖZBİLEN,"Perşembe | 16:40 - 17:30
"
MATH202R,B,Sosyal Bilimler İçin İstatistik - Uygulama,Mühendislik Fakültesi,0,SEÇKİN ÖZBİLEN,"Perşembe | 17:40 - 18:30
"
MATH211,A,Doğrusal Cebir,Mühendislik Fakültesi,6,SELÇUK DEMİR,"Pazartesi | 11:40 - 14:30
"
MATH211,B,Doğrusal Cebir,Mühendislik Fakültesi,6,SELÇUK DEMİR,"Çarşamba | 16:40 - 19:30
"
MATH211R,A,Doğrusal Cebir - Uygulama,Mühendislik Fakültesi,0,SELÇUK DEMİR,"Perşembe | 12:40 - 13:30
"
MATH211R,B,Doğrusal Cebir - Uygulama,Mühendislik Fakültesi,0,SELÇUK DEMİR,"Perşembe | 11:40 - 12:30
"
MATH212,A,Diferansiyel Denklemler,Mühendislik Fakültesi,6,BERKAY ANAHTARCI,"Pazartesi | 14:40 - 16:30
Çarşamba | 10:40 - 12:30
"
MATH212,B,Diferansiyel Denklemler,Mühendislik Fakültesi,6,BERKAY ANAHTARCI,"Pazartesi | 10:40 - 12:30
Çarşamba | 14:40 - 16:30
"
MATH215,A,Olasılık ve Rassal Değişkenler,Mühendislik Fakültesi,6,İSMAİL BAŞOĞLU,"Salı | 12:40 - 15:30
"
MATH215R,A,Olasılık ve Rassal Değişkenler - Rec.,Mühendislik Fakültesi,0,İSMAİL BAŞOĞLU,"Cuma | 08:40 - 10:30
"
MATH216,A,Uygulamalı İstatistik,Mühendislik Fakültesi,6,DİLEK GÜNNEÇ DANIŞ,"Pazartesi | 15:40 - 18:30
"
MATH216R,A,Uygulamalı istatistik - Uygulama ,Mühendislik Fakültesi,0,DİLEK GÜNNEÇ DANIŞ,"Cuma | 09:40 - 11:30
"
MATH217,A,Olasılık ve İstatistik,Mühendislik Fakültesi,6,ÇAĞATAY EDEMEN,"Pazartesi | 16:40 - 18:30
Çarşamba | 16:40 - 18:30
"
MATH217,B,Olasılık ve İstatistik,Mühendislik Fakültesi,6,ÇAĞATAY EDEMEN,"Salı | 11:40 - 13:30
Çarşamba | 08:40 - 10:30
"
ME112,A,İmalat Metotlarına Giriş,Mühendislik Fakültesi,4,GÜNEY GÜVEN YAPICI,"Salı | 14:40 - 16:30
"
ME112L,A,İmalat Metotlarına Giriş - Lab.,Mühendislik Fakültesi,0,GÜNEY GÜVEN YAPICI,"Çarşamba | 16:40 - 19:30
"
ME112L,B,İmalat Metotlarına Giriş - Lab.,Mühendislik Fakültesi,0,GÜNEY GÜVEN YAPICI,"Perşembe | 16:40 - 19:30
"
ME202,A,Termodinamik,Mühendislik Fakültesi,6,ALTUĞ MELİK BAŞOL,"Pazartesi | 16:40 - 18:30
Çarşamba | 10:40 - 12:30
"
ME211,A,Mühendislik Mekaniği: Statik,Mühendislik Fakültesi,6,ÖZKAN BEBEK,"Perşembe | 08:40 - 10:30
Cuma | 08:40 - 10:30
"
ME212,A,Katı Mekaniği,Mühendislik Fakültesi,6,ÖZKAN BEBEK,"Salı | 12:40 - 14:30
Çarşamba | 08:40 - 10:30
"
ME214,A,Mühendislikte Sayısal Analiz,Mühendislik Fakültesi,6,ALTUĞ MELİK BAŞOL,"Pazartesi | 08:40 - 10:30
Salı | 08:40 - 10:30
"
ME256,A,Malzeme Bilimi,Mühendislik Fakültesi,6,HANDE ÖZTÜRK KAYMAKSÜT,"Pazartesi | 14:40 - 16:30
Salı | 14:40 - 16:30
"
ME256L,A,Malzeme Bilimi - Lab.,Mühendislik Fakültesi,0,HANDE ÖZTÜRK KAYMAKSÜT,"Perşembe | 12:40 - 14:30
"
ME256L,B,Malzeme Bilimi - Lab.,Mühendislik Fakültesi,0,HANDE ÖZTÜRK KAYMAKSÜT,"Perşembe | 10:40 - 12:30
"
ME311,A,Mühendislik Mekaniği: Dinamik,Mühendislik Fakültesi,6,RAMAZAN ÜNAL,"Salı | 10:40 - 12:30
Perşembe | 08:40 - 10:30
"
ME312,A,Makina Sistemleri ve Kontrol,Mühendislik Fakültesi,6,REGAİP BARKAN UĞURLU,"Salı | 08:40 - 10:30
Çarşamba | 10:40 - 12:30
"
ME321,A,Akışkanlar Mekaniği,Mühendislik Fakültesi,6,ÖZGÜR ERTUNÇ,"Pazartesi | 16:40 - 18:30
Perşembe | 16:40 - 18:30
"
ME324,A,Termal Sistem Tasarımı,Mühendislik Fakültesi,6,ALTUĞ MELİK BAŞOL,"Salı | 12:40 - 14:30
Çarşamba | 08:40 - 10:30
"
ME334,A,Makina Tasarımı,Mühendislik Fakültesi,6,POLAT ŞENDUR,"Salı | 14:40 - 16:30
Çarşamba | 16:40 - 18:30
"
ME334R,A,Makine Tasarımı  - Uygulama,Mühendislik Fakültesi,0,POLAT ŞENDUR,"Perşembe | 10:40 - 12:30
"
ME396,A,Hesaplamalı Akışkanlar Dinamiği için Profesyonel Simulasyon Yazılımı Kullanımı (Sertifika Seçmeli),Mühendislik Fakültesi,4,ÖZGÜR ERTUNÇ,"Perşembe | 12:40 - 15:30
"
ME401,A,Makina Mühendisliği Bitirme Projesi I,Mühendislik Fakültesi,4,ÖZGÜR ERTUNÇ,"Salı | 10:40 - 13:30
"
ME413,A,Robotik I,Mühendislik Fakültesi,6,REGAİP BARKAN UĞURLU,"Salı | 14:40 - 16:30
Çarşamba | 08:40 - 10:30
"
ME425,A,İleri Isı Transferi,Mühendislik Fakültesi,6,MEHMED RAFET ÖZDEMİR,"Pazartesi | 09:40 - 12:30
"
ME428,A,X-ışınlarının Kırınımı ile Malzeme Karakterizasyonu,Mühendislik Fakültesi,6,HANDE ÖZTÜRK KAYMAKSÜT,"Cuma | 08:40 - 11:30
"
ME440,A,Mekanik Titreşimler,Mühendislik Fakültesi,6,POLAT ŞENDUR,"Pazartesi | 13:40 - 16:30
"
ME442,A,İnsan Hareketinin Biomekaniği,Mühendislik Fakültesi,6,RAMAZAN ÜNAL,"Perşembe | 15:40 - 18:30
"
PHYS101,A,Fizik I,Mühendislik Fakültesi,8,SUEDA SAYLAN,"Salı | 10:40 - 12:30
Perşembe | 10:40 - 12:30
"
PHYS101,B,Fizik I,Mühendislik Fakültesi,8,SUEDA SAYLAN,"Çarşamba | 10:40 - 12:30
Cuma | 10:40 - 12:30
"
PHYS101,C,Fizik I,Mühendislik Fakültesi,8,KAAN GÜVEN,"Çarşamba | 14:40 - 16:30
Cuma | 14:40 - 16:30
"
PHYS101L,A1,Fizik I - Lab.,Mühendislik Fakültesi,0,FATİH ILGIN,"Cuma | 14:40 - 16:30
"
PHYS101L,A2,Fizik I - Lab.,Mühendislik Fakültesi,0,FATİH ILGIN,"Cuma | 14:40 - 16:30
"
PHYS101L,A3,Fizik I - Lab.,Mühendislik Fakültesi,0,FATİH ILGIN,"Cuma | 14:40 - 16:30
"
PHYS101L,A4,Fizik I - Lab.,Mühendislik Fakültesi,0,FATİH ILGIN,"Cuma | 14:40 - 16:30
"
PHYS101L,B1,Fizik I - Lab.,Mühendislik Fakültesi,0,FATİH ILGIN,"Cuma | 10:40 - 12:30
"
PHYS101L,B2,Fizik I - Lab.,Mühendislik Fakültesi,0,FATİH ILGIN,"Cuma | 10:40 - 12:30
"
PHYS101L,B3,Fizik I - Lab.,Mühendislik Fakültesi,0,FATİH ILGIN,"Cuma | 10:40 - 12:30
"
PHYS101L,B4,Fizik I - Lab.,Mühendislik Fakültesi,0,FATİH ILGIN,"Cuma | 10:40 - 12:30
"
PHYS101L,C1,Fizik I - Lab.,Mühendislik Fakültesi,0,FATİH ILGIN,"Perşembe | 16:40 - 18:30
"
PHYS101L,C2,Fizik I - Lab.,Mühendislik Fakültesi,0,FATİH ILGIN,"Perşembe | 16:40 - 18:30
"
PHYS101L,C3,Fizik I - Lab.,Mühendislik Fakültesi,0,FATİH ILGIN,"Perşembe | 16:40 - 18:30
"
PHYS101L,C4,Fizik I - Lab.,Mühendislik Fakültesi,0,FATİH ILGIN,"Perşembe | 16:40 - 18:30
"
PHYS102,A,Fizik II,Mühendislik Fakültesi,8,BARIŞ DEMİRBAY,"Salı | 10:40 - 12:30
Perşembe | 10:40 - 12:30
"
PHYS102,B,Fizik II,Mühendislik Fakültesi,8,PARVIZ ELAHI,"Çarşamba | 10:40 - 12:30
Cuma | 10:40 - 12:30
"
PHYS102,C,Fizik II,Mühendislik Fakültesi,8,PARVIZ ELAHI,"Çarşamba | 14:40 - 16:30
Cuma | 14:40 - 16:30
"
PHYS102,D,Fizik II,Mühendislik Fakültesi,8,MEHMET BURÇİN ÜNLÜ,"Salı | 10:40 - 12:30
Perşembe | 10:40 - 12:30
"
PHYS102,E,Fizik II,Mühendislik Fakültesi,8,KAAN GÜVEN,"Çarşamba | 10:40 - 12:30
Cuma | 10:40 - 12:30
"
PHYS102L,A1,Fizik II - Lab.,Mühendislik Fakültesi,0,FATİH ILGIN,"Çarşamba | 10:40 - 12:30
"
PHYS102L,A2,Fizik II - Lab.,Mühendislik Fakültesi,0,FATİH ILGIN,"Çarşamba | 10:40 - 12:30
"
PHYS102L,A3,Fizik II - Lab.,Mühendislik Fakültesi,0,FATİH ILGIN,"Çarşamba | 10:40 - 12:30
"
PHYS102L,A4,Fizik II - Lab.,Mühendislik Fakültesi,0,FATİH ILGIN,"Çarşamba | 10:40 - 12:30
"
PHYS102L,B1,Fizik II - Lab.,Mühendislik Fakültesi,0,FATİH ILGIN,"Salı | 10:40 - 12:30
"
PHYS102L,B2,Fizik II - Lab.,Mühendislik Fakültesi,0,FATİH ILGIN,"Salı | 10:40 - 12:30
"
PHYS102L,B3,Fizik II - Lab.,Mühendislik Fakültesi,0,FATİH ILGIN,"Salı | 10:40 - 12:30
"
PHYS102L,B4,Fizik II - Lab.,Mühendislik Fakültesi,0,FATİH ILGIN,"Salı | 10:40 - 12:30
"
PHYS102L,C1,Fizik II - Lab.,Mühendislik Fakültesi,0,FATİH ILGIN,"Çarşamba | 14:40 - 16:30
"
PHYS102L,C2,Fizik II - Lab.,Mühendislik Fakültesi,0,FATİH ILGIN,"Çarşamba | 14:40 - 16:30
"
PHYS102L,C3,Fizik II - Lab.,Mühendislik Fakültesi,0,FATİH ILGIN,"Çarşamba | 14:40 - 16:30
"
PHYS102L,C4,Fizik II - Lab.,Mühendislik Fakültesi,0,FATİH ILGIN,"Çarşamba | 14:40 - 16:30
"
PHYS102L,D1,Fizik II - Lab.,Mühendislik Fakültesi,0,FATİH ILGIN,"Perşembe | 10:40 - 12:30
"
PHYS102L,D2,Fizik II - Lab.,Mühendislik Fakültesi,0,FATİH ILGIN,"Perşembe | 10:40 - 12:30
"
PHYS102L,D3,Fizik II - Lab.,Mühendislik Fakültesi,0,FATİH ILGIN,"Perşembe | 10:40 - 12:30
"
PHYS102L,D4,Fizik II - Lab.,Mühendislik Fakültesi,0,FATİH ILGIN,"Perşembe | 10:40 - 12:30
"
PHYS102L,E1,Fizik II - Lab.,Mühendislik Fakültesi,0,FATİH ILGIN,"Perşembe | 12:40 - 14:30
"
PHYS102L,E2,Fizik II - Lab.,Mühendislik Fakültesi,0,FATİH ILGIN,"Perşembe | 12:40 - 14:30
"
PHYS102L,E3,Fizik II - Lab.,Mühendislik Fakültesi,0,FATİH ILGIN,"Perşembe | 12:40 - 14:30
"
PHYS102L,E4,Fizik II - Lab.,Mühendislik Fakültesi,0,FATİH ILGIN,"Perşembe | 12:40 - 14:30
"
PHYS103,A,Havacılık için Fizik I,Mühendislik Fakültesi,6,BARIŞ DEMİRBAY,"Pazartesi | 08:40 - 10:30
"
PHYS103L,A1,Havacılık için Fizik 1 - Lab.,Mühendislik Fakültesi,0,FATİH ILGIN,"Salı | 08:40 - 10:30
"
PHYS103L,A2,Havacılık için Fizik 1 - Lab.,Mühendislik Fakültesi,0,FATİH ILGIN,"Salı | 08:40 - 10:30
"
PHYS103L,A3,Havacılık için Fizik 1 - Lab.,Mühendislik Fakültesi,0,FATİH ILGIN,"Salı | 08:40 - 10:30
"
PHYS103L,A4,Havacılık için Fizik 1 - Lab.,Mühendislik Fakültesi,0,FATİH ILGIN,"Salı | 08:40 - 10:30
"
PHYS103R,A,Havacılık için Fizik 1 - Rec.,Mühendislik Fakültesi,0,BARIŞ DEMİRBAY,"Cuma | 08:40 - 10:30
"
PHYS104,A,Havacılık için Fizik II,Mühendislik Fakültesi,6,BARIŞ DEMİRBAY,"Pazartesi | 10:40 - 12:30
"
PHYS104L,A1,Havacılık için Fizik II - Lab.,Mühendislik Fakültesi,0,FATİH ILGIN,"Çarşamba | 16:40 - 18:30
"
PHYS104L,A2,Havacılık için Fizik II - Lab.,Mühendislik Fakültesi,0,FATİH ILGIN,"Çarşamba | 16:40 - 18:30
"
PHYS104L,A3,Havacılık için Fizik II - Lab.,Mühendislik Fakültesi,0,FATİH ILGIN,"Çarşamba | 16:40 - 18:30
"
PHYS104L,A4,Havacılık için Fizik II - Lab.,Mühendislik Fakültesi,0,FATİH ILGIN,"Çarşamba | 16:40 - 18:30
"
PHYS104R,A,Havacılık için Fizik II - Rec.,Mühendislik Fakültesi,0,BARIŞ DEMİRBAY,"Cuma | 10:40 - 12:30
"
ANTH101,A,Antropolojiye Giriş,Sosyal Bilimler Fakültesi,6,BURCU MUTLU,"Cuma | 09:40 - 12:30
"
ANTH212,A,Çevre ve Toplum,Sosyal Bilimler Fakültesi,6,EZGİCAN ÖZDEMİR KELLY,"Perşembe | 08:40 - 11:30
"
ART101,A,Resim I,Sosyal Bilimler Fakültesi,4,MARTIN HARRISON,"Salı | 08:40 - 11:30
"
ART101,B,Resim I,Sosyal Bilimler Fakültesi,4,MARTIN HARRISON,"Perşembe | 08:40 - 11:30
"
ART102,A,Resim II,Sosyal Bilimler Fakültesi,4,MARTIN HARRISON,"Salı | 15:40 - 18:30
"
ART103,A,Karakalem,Sosyal Bilimler Fakültesi,4,MARTIN HARRISON,"Perşembe | 15:40 - 18:30
"
ART110,A,Ebru Sanatı,Sosyal Bilimler Fakültesi,2,EDA SAİME ÖZBEKKANGAY ÇAKIR,"Cuma | 15:40 - 17:30
"
ART111,A,Yazmacılık Sanatı,Sosyal Bilimler Fakültesi,2,MÜZEYYEN TÜYSÜZ PULAT,"Cuma | 10:40 - 12:30
"
BE101,A,Tenis,Sosyal Bilimler Fakültesi,2,BARKIN YALÇINKALE,"Salı | 17:40 - 19:30
"
BE107,A,Satranç,Sosyal Bilimler Fakültesi,2,ERSİN BAYSAN,"Perşembe | 16:40 - 18:30
"
BE114,A,Hakemlik,Sosyal Bilimler Fakültesi,2,AYBERK DİLMEN,"Perşembe | 18:40 - 20:30
"
BE116,A,Bireysel Savunma,Sosyal Bilimler Fakültesi,2,VLADİMİR SELİM KOÇ,"Cuma | 14:40 - 16:30
"
BE119,A,Temel Fitness Eğitimi,Sosyal Bilimler Fakültesi,2,SEÇKİN ALAY,"Salı | 08:40 - 10:30
"
BE121,A,Suda Hayat Kurtarma ve İlk Yardım,Sosyal Bilimler Fakültesi,2,ŞAHİN ÖZEN,"Salı | 17:40 - 19:30
"
BE123,A,Temel Afet Eğitimi ve İlkyardım,Sosyal Bilimler Fakültesi,2,BURÇAK TÜRKAY,"Cuma | 18:40 - 20:30
"
HIST103,A,Dünya Tarihi I,Sosyal Bilimler Fakültesi,6,FERAY COŞKUN,"Salı | 13:40 - 16:30
"
HIST104,A,Dünya Tarihi II,Sosyal Bilimler Fakültesi,6,OYA İKLİL SELÇUK,"Çarşamba | 11:40 - 14:30
"
HIST104,B,Dünya Tarihi II,Sosyal Bilimler Fakültesi,6,OYA İKLİL SELÇUK,"Perşembe | 15:40 - 18:30
"
HIST104,C,Dünya Tarihi II,Sosyal Bilimler Fakültesi,6,MERİH EROL,"Perşembe | 15:40 - 18:30
"
HIST104,D,Dünya Tarihi II,Sosyal Bilimler Fakültesi,6,MERİH EROL,"Cuma | 08:40 - 11:30
"
HIST201,A,Atatürk İlkeleri ve İnkılap Tarihi I,Sosyal Bilimler Fakültesi,4,BAŞAK AKGÜL KOVANKAYA,"Cuma | 14:40 - 16:30
"
HIST201,B,Atatürk İlkeleri ve İnkılap Tarihi I,Sosyal Bilimler Fakültesi,4,BAŞAK AKGÜL KOVANKAYA,"Pazartesi | 16:40 - 18:30
"
HIST201,C,Atatürk İlkeleri ve İnkılap Tarihi I,Sosyal Bilimler Fakültesi,4,ÖZKAN AKPINAR,"Salı | 16:40 - 18:30
"
HIST201,D,Atatürk İlkeleri ve İnkılap Tarihi I,Sosyal Bilimler Fakültesi,4,ÖZKAN AKPINAR,"Perşembe | 16:40 - 18:30
"
HIST201,E,Atatürk İlkeleri ve İnkılap Tarihi I,Sosyal Bilimler Fakültesi,4,ÖZLEM DİLBER,"Perşembe | 12:40 - 14:30
"
HIST201,F,Atatürk İlkeleri ve İnkılap Tarihi I,Sosyal Bilimler Fakültesi,4,BAŞAK AKGÜL KOVANKAYA,"Cuma | 16:40 - 18:30
"
HIST201,G,Atatürk İlkeleri ve İnkılap Tarihi I,Sosyal Bilimler Fakültesi,4,ALPKAN BİRELMA,"Çarşamba | 16:40 - 18:30
"
HIST201,H,Atatürk İlkeleri ve İnkılap Tarihi I,Sosyal Bilimler Fakültesi,4,ÖZKAN AKPINAR,"Perşembe | 14:40 - 16:30
"
HIST202,A,Atatürk İlkeleri ve İnkılap Tarihi II,Sosyal Bilimler Fakültesi,4,FAİK GÜR,"Cuma | 10:40 - 12:30
"
HIST202,B,Atatürk İlkeleri ve İnkılap Tarihi II,Sosyal Bilimler Fakültesi,4,ÖZLEM DİLBER,"Cuma | 14:40 - 16:30
"
HIST202,C,Atatürk İlkeleri ve İnkılap Tarihi II,Sosyal Bilimler Fakültesi,4, ,"Salı | 14:40 - 16:30
"
HIST202,D,Atatürk İlkeleri ve İnkılap Tarihi II,Sosyal Bilimler Fakültesi,4, ,"Pazartesi | 16:40 - 18:30
"
HIST202,E,Atatürk İlkeleri ve İnkılap Tarihi II,Sosyal Bilimler Fakültesi,4, ,"Çarşamba | 16:40 - 18:30
"
HIST202,F,Atatürk İlkeleri ve İnkılap Tarihi II,Sosyal Bilimler Fakültesi,4,ALPKAN BİRELMA,"Perşembe | 16:40 - 18:30
"
HIST202,G,Atatürk İlkeleri ve İnkılap Tarihi II,Sosyal Bilimler Fakültesi,4,ÖZLEM DİLBER,"Cuma | 16:40 - 18:30
"
HIST202,H,Atatürk İlkeleri ve İnkılap Tarihi II,Sosyal Bilimler Fakültesi,4,ÖZLEM DİLBER,"Cuma | 10:40 - 12:30
"
HIST202,I,Atatürk İlkeleri ve İnkılap Tarihi II,Sosyal Bilimler Fakültesi,4, ,"Salı | 16:40 - 18:30
"
HIST202,J,Atatürk İlkeleri ve İnkılap Tarihi II,Sosyal Bilimler Fakültesi,4, ,"Pazartesi | 14:40 - 16:30
"
HIST303,A,Atatürk İlkeleri ve İnkılap Tarihi I (Yabancılar için),Sosyal Bilimler Fakültesi,4,RAMİZ ÜZÜMÇEKER,"Salı | 18:40 - 20:30
"
HIST304,A,Atatürk İlkeleri ve İnkılap Tarihi II (Yabancılar için),Sosyal Bilimler Fakültesi,4,RAMİZ ÜZÜMÇEKER,"Çarşamba | 18:40 - 20:30
"
HIST304,B,Atatürk İlkeleri ve İnkılap Tarihi II (Yabancılar için),Sosyal Bilimler Fakültesi,4,RAMİZ ÜZÜMÇEKER,"Perşembe | 18:40 - 20:30
"
HIST304,C,Atatürk İlkeleri ve İnkılap Tarihi II (Yabancılar için),Sosyal Bilimler Fakültesi,4,RAMİZ ÜZÜMÇEKER,"Cuma | 18:40 - 20:30
"
HIST311,A,Seyahat ve Acaibin Tarihi,Sosyal Bilimler Fakültesi,6,FERAY COŞKUN,"Perşembe | 15:40 - 18:30
"
HUM201,A,İşaret Dili,Sosyal Bilimler Fakültesi,2,AHMET TOMBUL,"Perşembe | 16:40 - 18:30
"
HUM301,A,Cumhuriyet'in Yüzyılına Panoramik Bir Bakış,Sosyal Bilimler Fakültesi,6,ÖZLEM DİLBER,"Perşembe | 17:40 - 20:30
"
HUM302,A,Medya ve Edebiyatta Dizisellik,Sosyal Bilimler Fakültesi,6,ALİ SERDAR,"Cuma | 09:40 - 12:30
"
IR101,A,Siyaset Bilimine Giriş,Sosyal Bilimler Fakültesi,6,DENİZ SERT,"Çarşamba | 12:40 - 15:30
"
IR202,A,Araştırma Yöntemleri II,Sosyal Bilimler Fakültesi,6,HAMİD AKIN ÜNVER,"Salı | 14:40 - 17:30
"
IR202R,A,Araştırma Yöntemleri II - Recitation,Sosyal Bilimler Fakültesi,0,HAMİD AKIN ÜNVER,"Salı | 17:40 - 18:30
"
IR204,A,Uluslararası Örgütler,Sosyal Bilimler Fakültesi,6,EBRU ERTUGAL ÖZVEREN,"Pazartesi | 15:40 - 18:30
"
IR206,A,Siyasal Düşünce,Sosyal Bilimler Fakültesi,6,SAMARJIT GHOSH,"Çarşamba | 12:40 - 15:30
"
IR304,A,Türk Dış Politikası,Sosyal Bilimler Fakültesi,6,BEHLÜL ÖZKAN,"Çarşamba | 15:40 - 18:30
"
IR306,A,Uluslararası Hukuk,Sosyal Bilimler Fakültesi,6,ABDULLAH ERDEM DEMİRTAŞ,"Çarşamba | 08:40 - 11:30
"
IR312,A,Amerikan Politikası,Sosyal Bilimler Fakültesi,6,BEHLÜL ÖZKAN,"Cuma | 08:40 - 11:30
"
IR319,A,Ortadoğu'da Siyaset,Sosyal Bilimler Fakültesi,6,TÜLAY DENİZ ERKMEN,"Perşembe | 15:40 - 18:30
"
IR320,A,Cinsiyet ve Siyaset,Sosyal Bilimler Fakültesi,6,ESRA DİLEK,"Salı | 11:40 - 14:30
"
IR334,A,Avrupa Entegrasyonunun Ekonomi Politiği,Sosyal Bilimler Fakültesi,6,EBRU ERTUGAL ÖZVEREN,"Perşembe | 12:40 - 15:30
"
IR403,A,Küresel Gıda Politikaları,Sosyal Bilimler Fakültesi,6,FAİK GÜR,"Perşembe | 12:40 - 15:30
"
IR404,A,Siyasi Coğrafya,Sosyal Bilimler Fakültesi,6,ESRA DİLEK,"Salı | 08:40 - 11:30
"
IR415,A,Karşılaştırmalı Siyasi Liderlik,Sosyal Bilimler Fakültesi,6,ELİF SARI GENÇ,"Salı | 12:40 - 15:30
"
IR416,A,Küresel Güvenliğin Geleceği,Sosyal Bilimler Fakültesi,6,SAMARJIT GHOSH,"Perşembe | 15:40 - 18:30
"
IR418,A,Siyaset Biliminde İleri Araştırma Yöntemleri ,Sosyal Bilimler Fakültesi,6,EZGİ ELÇİ,"Pazartesi | 15:40 - 18:30
"
IR430,A,Latin Amerika Siyaseti,Sosyal Bilimler Fakültesi,6,EZGİ ELÇİ,"Perşembe | 12:40 - 15:30
"
MUSIC103,A,Dünya Müzikleri,Sosyal Bilimler Fakültesi,6,KAMİL ERDEM,"Salı | 15:40 - 18:30
"
PE101,A,Tenis,Sosyal Bilimler Fakültesi,2,BARKIN YALÇINKALE,"Salı | 15:40 - 17:30
"
PE101,B,Tenis,Sosyal Bilimler Fakültesi,2,BARKIN YALÇINKALE,"Perşembe | 15:40 - 17:30
"
PE101,C,Tenis,Sosyal Bilimler Fakültesi,2,BARKIN YALÇINKALE,"Perşembe | 17:40 - 19:30
"
PE101,D,Tenis,Sosyal Bilimler Fakültesi,2,BARKIN YALÇINKALE,"Cuma | 16:40 - 18:30
"
PE101,E,Tenis,Sosyal Bilimler Fakültesi,2,BARKIN YALÇINKALE,"Cuma | 18:40 - 20:30
"
PE102,A,Yüzme,Sosyal Bilimler Fakültesi,2,LALE MEMDUHA ALPTOĞAN,"Cuma | 08:40 - 10:30
"
PE102,B,Yüzme,Sosyal Bilimler Fakültesi,2,LALE MEMDUHA ALPTOĞAN,"Cuma | 10:40 - 12:30
"
PE104,A,Bilardo I,Sosyal Bilimler Fakültesi,2,İLBAY DAĞDELEN,"Cuma | 14:40 - 16:30
"
PE104,B,Bilardo I,Sosyal Bilimler Fakültesi,2,İLBAY DAĞDELEN,"Cuma | 16:40 - 18:30
"
PE105,A,Yelken,Sosyal Bilimler Fakültesi,2,GÜRAY ZÜNBÜL,"Salı | 08:40 - 10:30
"
PE105,B,Yelken,Sosyal Bilimler Fakültesi,2,GÜRAY ZÜNBÜL,"Perşembe | 08:40 - 10:30
"
PE105,C,Yelken,Sosyal Bilimler Fakültesi,2,GÜRAY ZÜNBÜL,"Cuma | 08:40 - 10:30
"
PE105,D,Yelken,Sosyal Bilimler Fakültesi,2,GÜRAY ZÜNBÜL,"Cuma | 10:40 - 12:30
"
PE107,A,Satranç,Sosyal Bilimler Fakültesi,2,ERSİN BAYSAN,"Perşembe | 18:40 - 20:30
"
PE107,B,Satranç,Sosyal Bilimler Fakültesi,2,ERSİN BAYSAN,"Perşembe | 08:40 - 10:30
"
PE107,C,Satranç,Sosyal Bilimler Fakültesi,2,ERSİN BAYSAN,"Perşembe | 10:40 - 12:30
"
PE112,A,Masa Tenisi,Sosyal Bilimler Fakültesi,2,KERİM ÖZAY,"Salı | 18:40 - 20:30
"
PE112,B,Masa Tenisi,Sosyal Bilimler Fakültesi,2,KERİM ÖZAY,"Perşembe | 18:40 - 20:30
"
PE114,A,Hakemlik,Sosyal Bilimler Fakültesi,2,AYBERK DİLMEN,"Perşembe | 16:40 - 18:30
"
PE116,A,Bireysel Savunma,Sosyal Bilimler Fakültesi,2,VLADİMİR SELİM KOÇ,"Cuma | 10:40 - 12:30
"
PE119,A,Temel Fitnes Eğitimi,Sosyal Bilimler Fakültesi,2,GİZEM NURBAY,"Perşembe | 08:40 - 10:30
"
PE120,A,Briç,Sosyal Bilimler Fakültesi,2,SÜLEYMAN KOLATA,"Salı | 16:40 - 18:30
"
PE120,B,Briç,Sosyal Bilimler Fakültesi,2,SÜLEYMAN KOLATA,"Salı | 18:40 - 20:30
"
PE120,C,Briç,Sosyal Bilimler Fakültesi,2,SÜLEYMAN KOLATA,"Cuma | 16:40 - 18:30
"
PE120,D,Briç,Sosyal Bilimler Fakültesi,2,SÜLEYMAN KOLATA,"Cuma | 18:40 - 20:30
"
PE121,A,Suda Hayat Kurtarma ve İlk Yardım,Sosyal Bilimler Fakültesi,2,ŞAHİN ÖZEN,"Salı | 15:40 - 17:30
"
PE123,A,Temel Afet Eğitimi ve İlkyardım,Sosyal Bilimler Fakültesi,2,BURÇAK TÜRKAY,"Cuma | 16:40 - 18:30
"
PHIL102,A,Felsefeye Giriş,Sosyal Bilimler Fakültesi,4,SİBEL OKTAR THOMAS,"Salı | 08:40 - 11:30
"
PSY100,A,Genel Psikoloji,Sosyal Bilimler Fakültesi,6,ALPER AÇIK,"Cuma | 15:40 - 18:30
"
PSY101,A,Psikolojiye Giriş I,Sosyal Bilimler Fakültesi,6,GÖKÇE TARCAN KUMKALE,"Cuma | 14:40 - 17:30
"
PSY102,A,Psikolojiye Giriş II,Sosyal Bilimler Fakültesi,6,GÜL CANAN ERGİN,"Cuma | 14:40 - 17:30
"
PSY104,A,Psikoloji için İstatistik II,Sosyal Bilimler Fakültesi,6,ALİ TEKCAN,"Pazartesi | 08:40 - 10:30
Perşembe | 09:40 - 10:30
"
PSY104R,A,Psikoloji için İstatistik II - Recitation,Sosyal Bilimler Fakültesi,0,ALİ TEKCAN,"Salı | 15:40 - 16:30
"
PSY202,A,Öğrenme ve Bellek,Sosyal Bilimler Fakültesi,6,ALİ TEKCAN,"Salı | 09:40 - 11:30
Perşembe | 08:40 - 09:30
"
PSY204,A,Gelişim Psikolojisi II,Sosyal Bilimler Fakültesi,6,ASİYE KUMRU,"Çarşamba | 13:40 - 16:30
"
PSY206,A,Sosyal Psikoloji II,Sosyal Bilimler Fakültesi,6,CELİA KATRİNE NAİVAR ŞEN,"Çarşamba | 08:40 - 11:30
"
PSY208,A,Araştırma Yöntemleri II,Sosyal Bilimler Fakültesi,6,NESİBE PINAR UĞURLAR,"Salı | 12:40 - 15:30
"
PSY208,B,Araştırma Yöntemleri II,Sosyal Bilimler Fakültesi,6,ALPER AÇIK,"Pazartesi | 13:40 - 16:30
"
PSY208R,A,Araştırma Yöntemleri II - Recitation,Sosyal Bilimler Fakültesi,0,NESİBE PINAR UĞURLAR,"Perşembe | 10:40 - 11:30
"
PSY208R,B,Araştırma Yöntemleri II - Recitation,Sosyal Bilimler Fakültesi,0,ALPER AÇIK,"Perşembe | 16:40 - 17:30
"
PSY302,A,Biyopsikoloji,Sosyal Bilimler Fakültesi,6,DUYGU GÜRLEYİK,"Perşembe | 13:40 - 16:30
"
PSY306,A,Psikolojide Ölçme Teknikleri,Sosyal Bilimler Fakültesi,6,HAYRİYE CANAN SÜMER,"Pazartesi | 11:40 - 13:30
Çarşamba | 11:40 - 12:30
"
PSY316,A,Grup İlişkileri,Sosyal Bilimler Fakültesi,6,NESİBE PINAR UĞURLAR,"Salı | 08:40 - 11:30
"
PSY321,A,Psikolojide Niteliksel Yöntemler,Sosyal Bilimler Fakültesi,6,GÜL CANAN ERGİN,"Salı | 12:40 - 15:30
"
PSY401,A,Klinik Psikolojisi,Sosyal Bilimler Fakültesi,6,GİZEM ARIKAN,"Perşembe | 10:40 - 13:30
"
PSY402,A,Psikolojide Etik Konular,Sosyal Bilimler Fakültesi,6,SİBEL OKTAR THOMAS,"Salı | 15:40 - 18:30
"
PSY413,A,Adli Psikoloji,Sosyal Bilimler Fakültesi,6,EMEK YÜCE ZEYREK RIOS,"Salı | 12:40 - 15:30
"
PSY414,A,Spor Psikolojisi,Sosyal Bilimler Fakültesi,6,DUYGU GÜRLEYİK,"Çarşamba | 15:40 - 18:30
"
PSY418,A,Ergenlik ve Yetişkinliğe Geçiş,Sosyal Bilimler Fakültesi,6,AYFER DOST GÖZKAN,"Çarşamba | 12:40 - 15:30
"
PSY419,A,Dil Psikolojisi,Sosyal Bilimler Fakültesi,6, ,"Pazartesi | 13:40 - 16:30
"
PSY432,A,Tutum ve İkna,Sosyal Bilimler Fakültesi,6,CELİA KATRİNE NAİVAR ŞEN,"Cuma | 09:40 - 12:30
"
PSY441-01,A,Gelişim Psikolojisinde Seçme Konular I,Sosyal Bilimler Fakültesi,6,İBRAHİM HAKKI ACAR,"Pazartesi | 15:40 - 18:30
"
PSY461-01,A,Sosyal Psikolojide Seçme Konular - 01,Sosyal Bilimler Fakültesi,6,GÖKÇE TARCAN KUMKALE,"Çarşamba | 08:40 - 11:30
"
PSY481-02,A,Klinik Psikolojide Seçme Konular - 02,Sosyal Bilimler Fakültesi,6, ,"Çarşamba | 15:40 - 18:30
"
SOC104,A,Sosyolojiye Giriş,Sosyal Bilimler Fakültesi,6,BERNA ARSLAN,"Pazartesi | 10:40 - 13:30
"
SOC104,B,Sosyolojiye Giriş,Sosyal Bilimler Fakültesi,6,SUSAN BETH ROTTMANN,"Pazartesi | 10:40 - 13:30
"
SOC201,A,Sosyal Bilimlere Giriş,Sosyal Bilimler Fakültesi,6,AYŞE DENİZ ÜNAN GÖKTAN,"Çarşamba | 11:40 - 14:30
"
SOC201,B,Sosyal Bilimlere Giriş,Sosyal Bilimler Fakültesi,6,AYŞE DENİZ ÜNAN GÖKTAN,"Çarşamba | 15:40 - 18:30
"
SOC302,A,Din ve Sekülerlik Sosyolojisi ve Siyaseti,Sosyal Bilimler Fakültesi,6,BERNA ARSLAN,"Çarşamba | 12:40 - 15:30
"
SOC304,A,Çalışma ve İstihdamın Sosyolojisi: Modern Çalışma Hayatına Giriş,Sosyal Bilimler Fakültesi,6,ALPKAN BİRELMA,"Perşembe | 08:40 - 11:30
"
TLL101,A,Türk Dili ve Edebiyatı I,Sosyal Bilimler Fakültesi,4,ŞENAY ÇINAR,"Çarşamba | 12:40 - 14:30
"
TLL101,B,Türk Dili ve Edebiyatı I,Sosyal Bilimler Fakültesi,4,ŞENAY ÇINAR,"Cuma | 10:40 - 12:30
"
TLL101,C,Türk Dili ve Edebiyatı I,Sosyal Bilimler Fakültesi,4,FATMA DAMAK,"Çarşamba | 12:40 - 14:30
"
TLL101,D,Türk Dili ve Edebiyatı I,Sosyal Bilimler Fakültesi,4,FATMA DAMAK,"Çarşamba | 16:40 - 18:30
"
TLL101,E,Türk Dili ve Edebiyatı I,Sosyal Bilimler Fakültesi,4,EZGİ HAMZAÇEBİ,"Pazartesi | 13:40 - 15:30
"
TLL101,F,Türk Dili ve Edebiyatı I,Sosyal Bilimler Fakültesi,4,YAĞMUR YILDIRIMAY,"Çarşamba | 16:40 - 18:30
"
TLL101,G,Türk Dili ve Edebiyatı I,Sosyal Bilimler Fakültesi,4,GÜNEŞ SEZEN,"Çarşamba | 12:40 - 14:30
"
TLL101,H,Türk Dili ve Edebiyatı I,Sosyal Bilimler Fakültesi,4,ŞERİFE SEDA YÜCEKURT ÜNLÜ,"Çarşamba | 08:40 - 10:30
"
TLL101,I,Türk Dili ve Edebiyatı I,Sosyal Bilimler Fakültesi,4,MURAT NARCI,"Çarşamba | 12:40 - 14:30
"
TLL101,J,Türk Dili ve Edebiyatı I,Sosyal Bilimler Fakültesi,4,MURAT NARCI,"Cuma | 08:40 - 10:30
"
TLL101,K,Türk Dili ve Edebiyatı I,Sosyal Bilimler Fakültesi,4,SENEM TİMUROĞLU,"Pazartesi | 10:40 - 12:30
"
TLL101,L,Türk Dili ve Edebiyatı I,Sosyal Bilimler Fakültesi,4,SENEM TİMUROĞLU,"Çarşamba | 16:40 - 18:30
"
TLL101,M,Türk Dili ve Edebiyatı I,Sosyal Bilimler Fakültesi,4,MURAT NARCI,"Çarşamba | 08:40 - 10:30
"
TLL101,O,Türk Dili ve Edebiyatı I,Sosyal Bilimler Fakültesi,4,ÇİMEN GÜNAY ERKOL,"Çarşamba | 12:40 - 14:30
"
TLL101,P,Türk Dili ve Edebiyatı I,Sosyal Bilimler Fakültesi,4,YAĞMUR YILDIRIMAY,"Salı | 10:40 - 12:30
"
TLL101,Q,Türk Dili ve Edebiyatı I,Sosyal Bilimler Fakültesi,4,YAĞMUR YILDIRIMAY,"Çarşamba | 08:40 - 10:30
"
TLL101,R,Türk Dili ve Edebiyatı I,Sosyal Bilimler Fakültesi,4,YAĞMUR YILDIRIMAY,"Cuma | 08:40 - 10:30
"
TLL101,S,Türk Dili ve Edebiyatı I,Sosyal Bilimler Fakültesi,4,YAĞMUR YILDIRIMAY,"Çarşamba | 12:40 - 14:30
"
TLL102,A,Türk Dili ve Edebiyatı II,Sosyal Bilimler Fakültesi,4,ŞENAY ÇINAR,"Cuma | 08:40 - 10:30
"
TLL102,AA,Türk Dili ve Edebiyatı II,Sosyal Bilimler Fakültesi,4,EGEM ATİK,"Perşembe | 13:40 - 15:30
"
TLL102,AB,Türk Dili ve Edebiyatı II,Sosyal Bilimler Fakültesi,4,EGEM ATİK,"Cuma | 10:40 - 12:30
"
TLL102,AC,Türk Dili ve Edebiyatı II,Sosyal Bilimler Fakültesi,4,MURAT NARCI,"Çarşamba | 16:40 - 18:30
"
TLL102,AE,Türk Dili ve Edebiyatı II,Sosyal Bilimler Fakültesi,4,ALİ SERDAR,"Perşembe | 08:40 - 10:30
"
TLL102,B,Türk Dili ve Edebiyatı II,Sosyal Bilimler Fakültesi,4,ŞENAY ÇINAR,"Çarşamba | 08:40 - 10:30
"
TLL102,C,Türk Dili ve Edebiyatı II,Sosyal Bilimler Fakültesi,4,ŞENAY ÇINAR,"Pazartesi | 08:40 - 10:30
"
TLL102,D,Türk Dili ve Edebiyatı II,Sosyal Bilimler Fakültesi,4,YAĞMUR YILDIRIMAY,"Cuma | 10:40 - 12:30
"
TLL102,E,Türk Dili ve Edebiyatı II,Sosyal Bilimler Fakültesi,4,FATMA DAMAK,"Cuma | 08:40 - 10:30
"
TLL102,F,Türk Dili ve Edebiyatı II,Sosyal Bilimler Fakültesi,4,FATMA DAMAK,"Çarşamba | 08:40 - 10:30
"
TLL102,G,Türk Dili ve Edebiyatı II,Sosyal Bilimler Fakültesi,4,EGEM ATİK,"Perşembe | 11:40 - 13:30
"
TLL102,H,Türk Dili ve Edebiyatı II,Sosyal Bilimler Fakültesi,4,FATMA DAMAK,"Cuma | 10:40 - 12:30
"
TLL102,I,Türk Dili ve Edebiyatı II,Sosyal Bilimler Fakültesi,4,EZGİ HAMZAÇEBİ,"Pazartesi | 08:40 - 10:30
"
TLL102,J,Türk Dili ve Edebiyatı II,Sosyal Bilimler Fakültesi,4,ALİ SERDAR,"Perşembe | 13:40 - 15:30
"
TLL102,K,Türk Dili ve Edebiyatı II,Sosyal Bilimler Fakültesi,4,EZGİ HAMZAÇEBİ,"Pazartesi | 10:40 - 12:30
"
TLL102,L,Türk Dili ve Edebiyatı II,Sosyal Bilimler Fakültesi,4,EZGİ HAMZAÇEBİ,"Cuma | 14:40 - 16:30
"
TLL102,M,Türk Dili ve Edebiyatı II,Sosyal Bilimler Fakültesi,4,GÜNEŞ SEZEN,"Cuma | 10:40 - 12:30
"
TLL102,N,Türk Dili ve Edebiyatı II,Sosyal Bilimler Fakültesi,4,GÜNEŞ SEZEN,"Salı | 10:40 - 12:30
"
TLL102,O,Türk Dili ve Edebiyatı II,Sosyal Bilimler Fakültesi,4,GÜNEŞ SEZEN,"Çarşamba | 10:40 - 12:30
"
TLL102,P,Türk Dili ve Edebiyatı II,Sosyal Bilimler Fakültesi,4,GÜNEŞ SEZEN,"Çarşamba | 16:40 - 18:30
"
TLL102,Q,Türk Dili ve Edebiyatı II,Sosyal Bilimler Fakültesi,4,MURAT NARCI,"Cuma | 10:40 - 12:30
"
TLL102,R,Türk Dili ve Edebiyatı II,Sosyal Bilimler Fakültesi,4,ŞERİFE SEDA YÜCEKURT ÜNLÜ,"Salı | 10:40 - 12:30
"
TLL102,S,Türk Dili ve Edebiyatı II,Sosyal Bilimler Fakültesi,4,ŞERİFE SEDA YÜCEKURT ÜNLÜ,"Çarşamba | 10:40 - 12:30
"
TLL102,T,Türk Dili ve Edebiyatı II,Sosyal Bilimler Fakültesi,4,ŞERİFE SEDA YÜCEKURT ÜNLÜ,"Çarşamba | 16:40 - 18:30
"
TLL102,U,Türk Dili ve Edebiyatı II,Sosyal Bilimler Fakültesi,4,ŞERİFE SEDA YÜCEKURT ÜNLÜ,"Pazartesi | 12:40 - 14:30
"
TLL102,V,Türk Dili ve Edebiyatı II,Sosyal Bilimler Fakültesi,4,SENEM TİMUROĞLU,"Perşembe | 14:40 - 16:30
"
TLL102,W,Türk Dili ve Edebiyatı II,Sosyal Bilimler Fakültesi,4,SENEM TİMUROĞLU,"Salı | 16:40 - 18:30
"
TLL102,X,Türk Dili ve Edebiyatı II,Sosyal Bilimler Fakültesi,4,EZGİ HAMZAÇEBİ,"Cuma | 16:40 - 18:30
"
TLL102,Y,Türk Dili ve Edebiyatı II,Sosyal Bilimler Fakültesi,4,ÇİMEN GÜNAY ERKOL,"Cuma | 14:40 - 16:30
"
TLL102,Z,Türk Dili ve Edebiyatı II,Sosyal Bilimler Fakültesi,4,ÇİMEN GÜNAY ERKOL,"Pazartesi | 08:40 - 10:30
"
